Country,Athletes
England,438
Australia,427
Canada,268
Scotland,254
New Zealand,233
South Africa,228
India,210
Wales,201
Kenya,123
Jamaica,120
Sri Lanka,110
Malaysia,103
Ghana,101
Northern Ireland,97
Nigeria,94
Uganda,77
Trinidad and Tobago,72
Pakistan,68
Singapore,67
Barbados,65
Fiji,64
Mauritius,62
Cyprus,53
Zambia,41
Samoa,38
Botswana,36
Cameroon,36
Isle of Man,34
Papua New Guinea,34
Namibia,33
Guyana,32
Bangladesh,30
Malta,29
Bahamas,28
Guernsey,28
Jersey,28
Tonga,28
Seychelles,27
Sierra Leone,27
Maldives,24
Gibraltar,23
Malawi,22
Cayman Islands,21
Lesotho,21
Saint Vincent and the Grenadines,21
Solomon Islands,21
British Virgin Islands,19
Cook Islands,18
Bermuda,17
Tanzania,17
Vanuatu,17
Falkland Islands,16
The Gambia,16
Nauru,16
Rwanda,16
Niue,15
Grenada,14
Mozambique,14
Anguilla,13
Antigua and Barbuda,13
Belize,13
Saint Lucia,13
Eswatini,12
Dominica,11
Saint Helena,11
Turks and Caicos Islands,11
Norfolk Island,10
Brunei,7
Kiribati,6
Saint Kitts and Nevis,6
Tuvalu,6
Montserrat,5
